<?xml version="1.0" encoding="UTF-8"?>
<ApplicationsExport>
  <Applications>
    <AutheEnabled>64</AutheEnabled>
    <AutoCompile>true</AutoCompile>
    <CookiePath>/api/learning/</CookiePath>
    <CSPZENEnabled>true</CSPZENEnabled>
    <CSRFToken>false</CSRFToken>
    <DeepSeeEnabled>false</DeepSeeEnabled>
    <Description>Interoperability Management Portal</Description>
    <DispatchClass>LEARNING.WS.Service</DispatchClass>
    <Enabled>true</Enabled>
    <HyperEvent>0</HyperEvent>
    <iKnowEnabled>false</iKnowEnabled>
    <InbndWebServicesEnabled>true</InbndWebServicesEnabled>
    <IsNameSpaceDefault>true</IsNameSpaceDefault>
    <JWTAuthEnabled>false</JWTAuthEnabled>
    <JWTAccessTokenTimeout>60</JWTAccessTokenTimeout>
    <JWTRefreshTokenTimeout>900</JWTRefreshTokenTimeout>
    <LockCSPName>true</LockCSPName>
    <MatchRoles>
      <MatchRolesItem>:%All</MatchRolesItem>
    </MatchRoles>
    <Name>/api/learning</Name>
    <NameSpace>LEARNING</NameSpace>
    <Recurse>true</Recurse>
    <RedirectEmptyPath>false</RedirectEmptyPath>
    <ServeFiles>1</ServeFiles>
    <ServeFilesTimeout>3600</ServeFilesTimeout>
    <Timeout>900</Timeout>
    <TwoFactorEnabled>false</TwoFactorEnabled>
    <Type>2</Type>
    <UseCookies>2</UseCookies>
    <SessionScope>2</SessionScope>
    <UserCookieScope>2</UserCookieScope>
    <Version>2</Version>
  </Applications>
</ApplicationsExport>